Date,TV_Spend,Radio_Spend,Print_Spend,Search_Spend,Social_Media_Spend,Display_Ads_Spend,Email_Marketing_Spend,Influencer_Marketing_Spend,Promotion_Spend,Average_Price,Website_Traffic,New_Customers,Returning_Customers,Orders,Holiday,Season,Competitor_Index,Economic_Index,Revenue
2022-01-03,519999.53,223673.6,136248.41,363393.5,238683.29,257910.44,32257.12,128006.0,62464.77,1409.66,87896.0,1004.0,2050.0,3054.0,1,Winter,106.13,101.71,4276417.62
2022-01-10,466692.08,24385.93,70604.83,229173.51,164517.66,75738.62,26600.96,99732.96,0.0,1411.29,75632.0,1167.0,1861.0,3028.0,0,Winter,102.93,98.11,4258203.47
2022-01-17,511441.69,139458.43,99839.75,210573.21,264900.29,111211.03,29489.21,13635.56,47351.55,1420.73,67611.0,948.0,2076.0,3024.0,0,Winter,109.63,102.33,4238660.04
2022-01-24,370545.34,185283.68,98364.16,148624.84,184370.74,179185.61,24223.76,63725.51,0.0,1454.25,76513.0,1151.0,2011.0,3162.0,0,Winter,113.86,103.36,4549146.68
2022-01-31,557515.93,84445.57,64774.48,227854.51,317352.88,160141.71,24334.32,118485.87,0.0,1429.19,66169.0,1110.0,2058.0,3168.0,0,Winter,107.42,101.74,4505986.97
2022-02-07,393359.43,114281.03,106919.58,164425.66,200470.18,94520.21,22288.55,119157.07,54988.15,1378.36,57204.0,782.0,1398.0,2180.0,0,Winter,101.42,101.29,2971612.6
2022-02-14,417951.82,100803.06,101970.03,288512.83,296665.0,128993.9,23084.69,56217.07,0.0,1418.22,71532.0,975.0,2326.0,3301.0,0,Winter,106.22,102.75,4684852.45
2022-02-21,727322.84,96087.82,89778.86,318424.93,219889.86,122228.81,20148.47,112184.35,0.0,1430.57,90559.0,1282.0,2184.0,3466.0,0,Winter,111.08,96.54,4917920.38
2022-02-28,315401.41,119338.43,71383.45,207312.51,256184.92,133739.97,31092.92,150047.03,0.0,1429.41,69137.0,1153.0,2248.0,3401.0,0,Winter,108.24,103.17,4932905.08
2022-03-07,77624.87,190093.4,69671.05,263662.4,162161.73,98264.25,35921.87,140743.36,0.0,1393.64,82509.0,1355.0,2243.0,3598.0,0,Spring,106.24,102.63,4977083.78
2022-03-14,784300.83,207460.16,77175.7,214047.36,155879.14,121830.88,34534.07,103993.91,0.0,1421.51,69659.0,1038.0,2177.0,3215.0,0,Spring,107.19,103.04,4509406.08
2022-03-21,952375.19,120686.86,101612.61,220131.18,232517.0,65536.1,21632.61,88370.89,75041.37,1412.11,90001.0,1191.0,2226.0,3417.0,0,Spring,104.1,104.83,4890739.28
2022-03-28,432862.27,211383.81,68249.46,292027.51,264150.08,131554.99,31858.27,81702.35,0.0,1439.72,92814.0,1116.0,2071.0,3187.0,0,Spring,104.68,103.53,4583077.43
2022-04-04,162615.79,136063.72,99568.06,251652.24,209835.46,143922.73,34966.52,130004.86,80060.97,1367.42,70876.0,1183.0,2283.0,3466.0,0,Spring,102.11,101.65,4800011.09
2022-04-11,449786.25,205362.51,61861.09,342400.16,132974.24,118344.32,26887.9,118250.55,0.0,1365.95,95472.0,1165.0,2081.0,3246.0,0,Spring,102.27,103.88,4480465.22
2022-04-18,453275.78,130570.65,84984.9,229593.52,128716.96,65492.5,29314.47,137349.89,0.0,1363.27,92091.0,1104.0,2128.0,3232.0,0,Spring,97.24,104.52,4507588.94
2022-04-25,468835.79,139190.93,91731.0,304597.78,124705.42,164572.02,20159.22,115403.64,0.0,1352.6,78875.0,1122.0,2293.0,3415.0,0,Spring,97.5,104.82,4505284.03
2022-05-02,305215.57,147980.66,143252.56,258244.72,104676.55,140505.44,29936.89,145207.44,0.0,1337.44,94787.0,1450.0,2185.0,3635.0,0,Spring,92.72,105.11,4760282.56
2022-05-09,598303.25,259136.17,57979.53,292650.61,212897.82,98739.97,24112.66,113145.63,62648.6,1292.75,93154.0,1457.0,2377.0,3834.0,0,Spring,90.97,107.05,4903502.59
2022-05-16,584922.88,165442.76,120189.52,228880.26,270442.77,115100.13,29418.95,142610.29,0.0,1332.09,78453.0,1194.0,2448.0,3642.0,0,Spring,97.34,102.96,4667940.48
2022-05-23,233962.14,103053.21,90472.07,247531.1,203784.54,68727.41,21757.03,145563.57,0.0,1341.09,82326.0,1185.0,2027.0,3212.0,0,Spring,92.65,105.63,4324445.06
2022-05-30,605507.27,167433.33,95371.71,242708.27,74619.01,86009.61,30531.6,72758.92,0.0,1317.0,71060.0,1155.0,2440.0,3595.0,0,Spring,94.55,107.98,4464230.33
2022-06-06,828393.17,114595.62,88235.37,205455.75,191070.63,103451.72,32343.36,29482.22,97762.11,1359.07,91562.0,936.0,2260.0,3196.0,0,Spring,92.99,102.05,4363789.47
2022-06-13,506136.84,108602.98,94307.97,277247.49,191182.95,167526.93,24553.02,170993.3,88152.67,1314.56,109774.0,1390.0,2273.0,3663.0,0,Spring,91.66,105.97,4790606.47
2022-06-20,416773.21,160367.59,80783.92,274428.64,315301.23,98128.08,22889.98,115631.4,0.0,1334.56,104531.0,1045.0,2479.0,3524.0,0,Spring,94.54,104.51,4741256.22
2022-06-27,599922.55,169916.29,153028.24,363676.22,157459.75,193761.12,24994.48,44107.45,84991.73,1309.02,104193.0,1419.0,2492.0,3911.0,1,Spring,100.15,105.0,5081697.14
2022-07-04,562305.55,133690.78,72866.53,312129.58,173966.75,100093.18,26045.61,73657.16,0.0,1316.04,88838.0,1104.0,2278.0,3382.0,0,Spring,99.01,103.97,4377228.88
2022-07-11,180487.75,122587.62,104419.97,305316.72,286169.34,127155.35,24551.58,133771.17,0.0,1301.56,100311.0,1070.0,2090.0,3160.0,0,Spring,93.84,105.46,4122847.98
2022-07-18,479105.09,133009.14,67565.85,217129.21,216250.54,112387.24,20468.24,90021.95,0.0,1320.6,73435.0,1159.0,2112.0,3271.0,0,Spring,100.0,109.49,4171688.29
2022-07-25,387224.86,134854.02,78535.95,250241.59,220579.25,146929.57,28260.37,79959.91,0.0,1292.42,73792.0,1277.0,2307.0,3584.0,0,Spring,107.64,103.26,4610364.38
2022-08-01,731655.64,49633.1,57819.74,202322.38,195191.86,97032.44,24494.31,155747.36,0.0,1300.15,84795.0,1078.0,2246.0,3324.0,0,Spring,103.19,103.42,4299042.74
2022-08-08,413615.38,140945.94,87212.81,230695.98,205230.25,60648.31,21883.1,57617.82,50187.8,1297.36,74122.0,1156.0,2052.0,3208.0,0,Spring,99.81,103.1,4238415.57
2022-08-15,692213.83,82215.05,105773.32,200932.0,227479.77,66830.66,23787.04,67115.53,0.0,1284.95,81425.0,1200.0,2351.0,3551.0,0,Spring,112.04,109.09,4524833.28
2022-08-22,266450.22,65683.44,75694.24,300910.27,143802.64,95503.54,29976.44,106438.01,0.0,1300.35,66600.0,1025.0,2360.0,3385.0,0,Spring,109.28,104.62,4413288.48
2022-08-29,520601.93,113139.66,72992.92,242986.6,230890.37,70816.41,28067.73,113087.63,0.0,1339.33,81590.0,1047.0,2043.0,3090.0,0,Spring,107.57,105.4,4189852.08
2022-09-05,478190.27,117585.25,55156.78,216204.36,113853.7,126940.99,25187.83,116998.41,0.0,1292.42,68188.0,1211.0,1918.0,3129.0,0,Spring,106.88,104.52,4107185.37
2022-09-12,298523.59,90602.22,71897.48,279886.62,201863.35,97187.91,28060.27,133131.44,0.0,1310.17,71422.0,1310.0,1974.0,3284.0,0,Spring,111.11,103.31,4084559.36
2022-09-19,455201.7,142784.78,45853.64,127992.19,194321.23,193656.52,21226.92,105428.37,0.0,1331.6,57530.0,1110.0,1907.0,3017.0,0,Spring,105.76,104.58,4038473.99
2022-09-26,824646.08,92222.52,79435.11,182830.15,207266.06,73276.27,34959.39,158083.14,72322.7,1334.54,77480.0,1068.0,2314.0,3382.0,1,Spring,110.03,109.8,4649282.12
2022-10-03,514482.35,135840.47,109002.08,356399.95,249961.88,163122.38,35710.95,119001.81,81482.08,1317.82,105288.0,1258.0,2196.0,3454.0,1,Spring,107.12,107.49,4616561.39
2022-10-10,175952.25,94866.52,101995.79,231857.21,154762.63,75783.5,24197.92,101404.75,0.0,1276.24,101470.0,1626.0,2747.0,4373.0,0,Spring,104.9,102.81,5586599.84
2022-10-17,431112.52,114057.7,131275.21,242349.49,132164.97,98313.94,27939.12,103945.77,40688.66,1340.94,83340.0,1150.0,1987.0,3137.0,0,Spring,103.09,105.61,4161098.95
2022-10-24,298811.44,126213.6,66259.97,171078.29,171649.03,121363.41,23362.46,109199.09,0.0,1293.2,79699.0,1093.0,1873.0,2966.0,0,Spring,100.5,102.44,3792974.07
2022-10-31,387605.03,81924.31,106379.66,234154.51,132977.98,35568.1,28777.02,132975.35,0.0,1374.16,65529.0,1047.0,1866.0,2913.0,0,Spring,102.49,100.32,3949968.12
2022-11-07,431867.05,144308.9,83849.35,333322.54,212299.02,127437.68,29280.34,125577.5,103576.01,1355.39,88772.0,1049.0,1977.0,3026.0,0,Spring,95.11,105.68,4154578.1
2022-11-14,181072.77,122074.6,76853.23,280708.88,133676.2,189278.28,15401.84,105902.2,0.0,1379.21,73612.0,888.0,1818.0,2706.0,0,Spring,91.3,105.72,3707471.19
2022-11-21,266604.58,70750.39,120874.23,340954.99,323592.33,142452.18,44163.65,96310.43,97806.97,1348.25,83908.0,889.0,2210.0,3099.0,1,Spring,96.63,105.25,4253066.19
2022-11-28,725940.79,68312.57,112134.16,305136.63,183149.61,180291.37,20635.29,148357.58,104864.7,1342.09,66345.0,1188.0,2114.0,3302.0,1,Spring,95.53,101.96,4487513.04
2022-12-05,380791.33,123822.61,85141.32,231651.67,173143.89,164414.24,25938.44,107384.54,0.0,1384.85,61582.0,1093.0,2006.0,3099.0,0,Winter,94.21,102.3,4371976.72
2022-12-12,48332.32,117591.27,75389.0,146622.16,172396.56,121403.7,33482.28,118793.56,0.0,1385.04,88013.0,1097.0,1916.0,3013.0,0,Winter,93.44,103.87,4274543.83
2022-12-19,823722.2,166976.44,74727.56,368164.68,392754.83,144550.57,37893.19,284631.24,80425.16,1381.43,112157.0,1200.0,2541.0,3741.0,1,Winter,91.04,102.89,5060368.43
2022-12-26,717425.71,173196.75,71506.3,415722.74,317846.3,56411.13,31521.4,121381.13,90930.23,1397.91,126780.0,1471.0,2456.0,3927.0,1,Winter,94.5,101.04,5414467.54
2023-01-02,497931.49,188986.16,137277.21,247304.43,277924.95,215265.48,34301.41,182265.28,95347.65,1455.84,104519.0,1423.0,1978.0,3401.0,1,Winter,92.48,98.32,4856023.25
2023-01-09,268548.71,170600.24,82431.21,235608.96,253181.48,131154.52,35608.24,167361.62,0.0,1420.72,68468.0,1219.0,2178.0,3397.0,0,Winter,91.96,101.52,4822867.45
2023-01-16,651982.48,89675.34,76311.51,211729.92,92417.32,95903.66,22284.04,123633.1,0.0,1427.77,94110.0,1203.0,2225.0,3428.0,0,Winter,93.57,103.18,4819177.35
2023-01-23,572889.35,88265.26,90943.64,225434.13,225817.03,144991.49,37123.19,233451.58,0.0,1425.58,78287.0,1182.0,2025.0,3207.0,0,Winter,101.9,98.35,4739048.73
2023-01-30,946673.46,92504.28,110007.41,286104.84,361147.93,116754.51,31901.96,103753.5,0.0,1439.36,106149.0,1488.0,2109.0,3597.0,0,Winter,92.14,101.76,5089194.25
2023-02-06,598245.5,151133.05,96899.74,167109.62,243162.32,120573.98,26741.07,139792.27,0.0,1406.17,66081.0,1090.0,2301.0,3391.0,0,Winter,100.48,100.89,4751086.57
2023-02-13,597854.25,192808.24,78236.57,325445.98,241649.71,171278.04,30055.32,85166.82,0.0,1368.19,95761.0,1430.0,2636.0,4066.0,0,Winter,95.61,101.47,5493812.44
2023-02-20,499762.17,123223.87,123287.65,336967.96,276349.11,87624.02,28197.71,108665.32,0.0,1403.97,143498.0,1574.0,3325.0,4899.0,0,Winter,101.97,101.46,6825498.39
2023-02-27,687353.57,35563.51,132547.3,280649.98,302391.33,194165.43,37941.33,140303.16,0.0,1421.59,112974.0,1270.0,2547.0,3817.0,0,Winter,102.53,98.09,5535275.79
2023-03-06,655320.1,70085.8,107407.0,150059.64,107388.45,86471.49,37561.48,172140.01,0.0,1382.77,89504.0,1247.0,2293.0,3540.0,0,Spring,98.96,96.01,5045846.68
2023-03-13,776808.47,108045.14,119403.65,240047.19,129742.2,120094.54,25282.08,145978.39,0.0,1394.69,81652.0,1448.0,2229.0,3677.0,0,Spring,107.53,97.95,5202686.98
2023-03-20,443058.61,120337.6,126259.76,375694.33,261102.82,237620.59,32174.4,195686.5,0.0,1379.72,91627.0,1571.0,2251.0,3822.0,0,Spring,106.09,100.58,5214181.09
2023-03-27,460260.7,127062.33,123809.06,134465.42,198009.23,202455.02,29931.78,125694.91,0.0,1418.31,105274.0,1310.0,2264.0,3574.0,0,Spring,101.49,97.52,4999637.04
2023-04-03,452245.24,146572.8,111427.21,282287.96,339400.99,156128.51,41163.23,113596.41,0.0,1397.41,87038.0,1166.0,2279.0,3445.0,0,Spring,110.52,97.03,4949186.36
2023-04-10,693276.04,131254.74,110970.91,232080.63,226606.19,109029.46,27528.69,273050.25,0.0,1389.13,87397.0,1532.0,1985.0,3517.0,0,Spring,112.17,94.59,4982795.12
2023-04-17,826105.14,190001.31,108855.62,352652.59,113913.83,127769.07,42826.06,151859.55,0.0,1381.83,94481.0,1252.0,2380.0,3632.0,0,Spring,111.85,101.58,5091819.74
2023-04-24,453405.77,114828.12,69683.36,262423.26,160094.95,155028.36,34303.67,93305.03,0.0,1361.66,84190.0,1166.0,2336.0,3502.0,0,Spring,107.66,99.58,4802191.63
2023-05-01,457795.53,106301.52,112345.63,327085.09,56972.86,153020.86,28396.44,94391.81,0.0,1359.19,85853.0,1006.0,2435.0,3441.0,0,Spring,105.63,99.33,4807970.18
2023-05-08,593507.97,163079.29,62840.79,335637.25,230538.02,146657.84,30784.38,81110.65,0.0,1324.3,88223.0,1351.0,2177.0,3528.0,0,Spring,108.15,99.61,4808942.65
2023-05-15,485469.17,76388.57,75669.89,410334.34,232598.56,148670.79,30003.48,178146.58,0.0,1297.06,122914.0,1548.0,2514.0,4062.0,0,Spring,107.7,98.72,5356841.38
2023-05-22,702731.01,156990.6,124243.33,286300.05,215137.61,139610.24,27427.03,110078.35,48554.14,1336.71,111835.0,1542.0,2119.0,3661.0,0,Spring,104.42,97.0,4884643.68
2023-05-29,110727.97,143648.26,112422.74,318752.16,315827.42,84105.52,34167.37,134536.84,0.0,1333.34,118333.0,1161.0,2605.0,3766.0,0,Spring,96.53,97.09,5142591.03
2023-06-05,367946.73,131961.76,126273.2,206882.5,321585.78,124344.35,27282.43,123851.45,0.0,1344.55,92992.0,1383.0,2136.0,3519.0,0,Spring,98.31,96.51,4741987.09
2023-06-12,372255.95,201841.23,84946.22,361467.47,227477.88,186033.42,22326.29,162960.97,0.0,1345.72,95722.0,1327.0,2409.0,3736.0,0,Spring,97.48,102.6,4923478.7
2023-06-19,95315.09,110035.15,64211.27,245471.13,95288.65,85331.68,31024.73,82671.86,0.0,1340.14,87576.0,1200.0,2042.0,3242.0,0,Spring,89.36,98.43,4461271.3
2023-06-26,449056.57,292373.46,113219.57,343976.13,371772.51,182697.34,32119.91,95321.41,80487.06,1283.83,121962.0,1175.0,2822.0,3997.0,1,Spring,95.05,96.39,5152554.31
2023-07-03,337460.98,123443.02,90516.08,283173.0,268911.06,107243.86,28675.81,133845.57,0.0,1292.47,103014.0,1502.0,2332.0,3834.0,0,Spring,99.59,98.27,4856225.39
2023-07-10,456562.07,80793.7,89036.37,193801.52,250648.1,145671.19,27668.17,151004.55,0.0,1305.58,104642.0,1427.0,2380.0,3807.0,0,Spring,94.14,95.36,5011769.82
2023-07-17,675223.04,132300.36,110872.32,292278.98,291517.62,123452.64,27609.84,136742.6,0.0,1343.86,103135.0,1249.0,2319.0,3568.0,0,Spring,96.42,100.45,4850607.48
2023-07-24,439726.73,86849.33,77784.89,330821.9,152822.09,200021.3,40952.76,80939.82,0.0,1320.9,107986.0,1416.0,2475.0,3891.0,0,Spring,92.69,96.19,5023055.85
2023-07-31,304494.04,98380.01,92138.58,291178.23,351632.35,158432.94,31521.67,150965.2,0.0,1312.62,108696.0,1219.0,2507.0,3726.0,0,Spring,92.4,98.61,4920423.77
2023-08-07,462724.35,140899.21,63190.11,186357.31,163456.74,82831.05,32183.73,82859.34,0.0,1282.28,85192.0,1288.0,2657.0,3945.0,0,Spring,94.56,99.85,4949461.99
2023-08-14,640391.24,145723.1,92644.23,264806.38,268766.33,163103.76,22633.88,92791.09,0.0,1273.05,95986.0,1231.0,2519.0,3750.0,0,Spring,92.06,98.61,4732764.48
2023-08-21,306288.2,100896.7,82764.82,310303.6,116626.93,103704.82,27692.99,72623.12,0.0,1308.03,98790.0,1062.0,2707.0,3769.0,0,Spring,92.95,98.18,4963535.0
2023-08-28,315160.31,159897.57,66822.03,168101.24,162895.72,111308.94,31581.14,176759.74,0.0,1272.63,66073.0,1321.0,2184.0,3505.0,0,Spring,101.15,98.17,4417555.84
2023-09-04,550681.6,165489.91,77062.06,210869.33,313080.14,146947.78,25832.72,145377.64,0.0,1293.06,99973.0,1327.0,2095.0,3422.0,0,Spring,103.09,98.22,4396749.75
2023-09-11,423744.54,175279.29,77904.28,315444.04,203552.1,114399.05,34653.42,143943.47,0.0,1299.49,92456.0,1132.0,2286.0,3418.0,0,Spring,97.67,97.37,4352592.19
2023-09-18,562783.92,141780.98,76057.14,283103.62,271441.62,170269.61,25015.77,173846.55,0.0,1338.3,76933.0,1298.0,2252.0,3550.0,0,Spring,105.2,97.84,4803512.54
2023-09-25,616676.53,232822.68,158939.18,393402.52,317102.91,139502.89,39527.68,333521.39,89252.44,1304.64,119831.0,1398.0,2524.0,3922.0,1,Spring,103.57,101.92,5112967.1
2023-10-02,773360.74,72148.33,107662.59,500605.76,289780.44,148571.91,37820.72,49841.02,87622.65,1268.8,114554.0,1389.0,2446.0,3835.0,1,Spring,106.23,98.98,4872105.79
2023-10-09,294357.88,111348.04,77054.66,297275.26,307309.45,109141.5,31648.16,82704.73,0.0,1333.99,102165.0,1127.0,2324.0,3451.0,0,Spring,107.74,97.87,4539055.48
2023-10-16,462003.85,91543.44,39231.94,309764.21,209132.06,113646.57,28118.84,89073.47,0.0,1316.63,80652.0,1027.0,2225.0,3252.0,0,Spring,110.21,98.67,4371104.9
2023-10-23,432616.32,129003.59,64470.44,425799.29,113267.93,183578.16,30100.95,78651.62,0.0,1338.44,104559.0,1296.0,2203.0,3499.0,0,Spring,108.03,102.18,4589724.39
2023-10-30,270455.18,104027.33,78195.91,266948.27,176852.09,165739.73,30567.68,68516.39,0.0,1343.02,72833.0,996.0,1995.0,2991.0,0,Spring,112.23,101.61,3979631.87
2023-11-06,215161.79,120403.03,69994.61,237014.21,266352.89,213343.95,28517.17,107183.59,0.0,1346.53,80169.0,1224.0,1826.0,3050.0,0,Spring,108.79,101.68,4218369.49
2023-11-13,595391.72,200338.06,114845.62,309939.52,259469.7,239871.42,34805.27,63291.46,0.0,1375.02,64966.0,1079.0,2129.0,3208.0,0,Spring,109.26,100.34,4307375.99
2023-11-20,575044.99,165917.85,111740.24,424873.56,179348.27,134903.81,45971.33,191263.39,97347.84,1335.64,101101.0,1170.0,2441.0,3611.0,1,Spring,104.08,102.31,4616647.27
2023-11-27,426120.2,198906.41,155957.39,354366.98,258348.04,202230.17,44412.24,174576.98,37026.77,1362.8,110847.0,1499.0,2328.0,3827.0,1,Spring,111.97,100.2,5112868.38
2023-12-04,481004.34,123486.91,89855.78,236242.8,203909.23,96331.55,31646.78,153294.81,59080.13,1393.32,88665.0,1263.0,2120.0,3383.0,0,Winter,105.57,101.28,4582615.52
2023-12-11,703395.54,137533.52,90487.03,441821.96,221960.14,115855.05,38445.32,157003.27,0.0,1373.43,95626.0,1361.0,2255.0,3616.0,0,Winter,104.79,104.07,4957904.35
2023-12-18,139178.4,184301.12,119923.4,441308.57,208346.73,167965.48,45406.52,222016.92,102891.22,1359.09,124529.0,1628.0,2493.0,4121.0,1,Winter,96.2,104.21,5793698.38
2023-12-25,332899.08,211503.15,124403.94,358986.99,283569.78,143598.83,45594.97,154489.24,43446.45,1409.58,103313.0,1212.0,2382.0,3594.0,1,Winter,96.88,100.82,5260728.27
2024-01-01,479546.49,254929.41,180040.68,505186.89,278071.16,146116.91,49281.43,340807.69,115423.09,1422.95,94389.0,1393.0,2463.0,3856.0,1,Winter,101.42,101.41,5459681.2
2024-01-08,803274.77,211769.71,39692.5,313969.48,319349.72,153541.26,45756.89,151600.48,0.0,1403.13,120902.0,1337.0,2429.0,3766.0,0,Winter,97.03,103.67,5347013.98
2024-01-15,591291.03,156813.91,47791.72,309124.37,326745.53,103372.8,29560.26,35852.93,0.0,1367.56,116767.0,1237.0,2794.0,4031.0,0,Winter,89.05,107.23,5614822.17
2024-01-22,690624.95,170854.31,83642.36,367185.44,259029.94,206727.75,41839.04,85382.12,0.0,1422.82,120249.0,1241.0,2476.0,3717.0,0,Winter,96.76,100.28,5295238.34
2024-01-29,330770.33,96101.64,98207.52,247963.69,243532.02,121148.27,27205.06,43862.32,0.0,1376.57,122053.0,1451.0,2461.0,3912.0,0,Winter,91.14,104.99,5319990.95
2024-02-05,338137.96,144357.75,115897.57,362261.43,287716.79,311809.95,39707.34,147138.72,66584.9,1416.14,124691.0,1400.0,2566.0,3966.0,0,Winter,96.45,102.01,5785130.08
2024-02-12,649027.48,191829.53,111546.03,473055.62,215935.9,147909.49,48066.94,140548.7,0.0,1391.54,123168.0,1277.0,2853.0,4130.0,0,Winter,91.74,103.8,5799115.61
2024-02-19,577146.77,190013.57,90893.72,377796.88,191951.7,176521.57,42148.6,121265.78,0.0,1384.55,109043.0,1195.0,2760.0,3955.0,0,Winter,92.75,104.65,5315437.87
2024-02-26,678895.17,161511.84,127040.9,322401.82,210151.51,106576.97,40631.45,271641.56,0.0,1396.52,85074.0,1573.0,2258.0,3831.0,0,Winter,96.15,104.84,5468124.03
2024-03-04,535128.11,193347.58,128046.21,315661.71,236330.95,265544.87,36563.39,185004.19,0.0,1398.5,117097.0,1574.0,2840.0,4414.0,0,Spring,,104.91,6067650.81
2024-03-11,631275.69,175992.03,106976.64,324505.36,195014.79,236123.45,40359.57,196992.59,0.0,1385.33,121100.0,1424.0,2762.0,4186.0,0,Spring,91.53,106.27,5856419.79
2024-03-18,608991.29,209293.13,127276.96,337250.4,303888.29,193472.4,38848.1,96284.16,42325.45,1405.33,107304.0,1384.0,2640.0,4024.0,0,Spring,95.25,105.46,5593678.85
2024-03-25,735443.93,167536.44,109774.67,329666.27,351389.08,106263.22,35746.48,92447.69,0.0,1379.35,129229.0,1259.0,2907.0,4166.0,0,Spring,99.83,103.87,5622554.25
2024-04-01,741688.7,137765.89,88383.03,422965.09,162496.99,190024.02,38853.87,156628.79,0.0,1402.02,89607.0,1617.0,2487.0,4104.0,0,Spring,94.98,108.61,5669327.79
2024-04-08,250225.24,169612.03,120645.7,233790.6,294829.23,118722.46,41872.4,165210.16,0.0,1381.72,103283.0,1443.0,2772.0,4215.0,0,Spring,95.64,108.79,5719336.61
2024-04-15,123072.08,18576.54,105335.61,419409.28,274668.19,257338.32,35973.47,39773.96,0.0,1355.44,100475.0,1427.0,2320.0,3747.0,0,Spring,104.76,109.19,5198024.27
2024-04-22,776040.59,170822.66,102182.64,330065.27,320191.01,221949.98,35680.68,143116.54,0.0,1345.09,104828.0,1417.0,2641.0,4058.0,0,Spring,102.03,104.63,5339031.03
2024-04-29,809657.45,0.0,139113.15,383064.18,290388.43,183204.29,32219.31,154683.63,0.0,1322.29,91160.0,1626.0,2494.0,4120.0,0,Spring,104.03,108.51,5542912.82
2024-05-06,365482.63,73229.12,39147.84,274846.87,172151.48,47739.2,42683.97,140033.11,0.0,1353.81,85374.0,1412.0,2516.0,3928.0,0,Spring,100.79,109.44,5290153.0
2024-05-13,197109.54,170992.91,64809.31,446879.85,186762.71,124449.99,43402.5,102855.25,0.0,1333.69,123100.0,1518.0,2549.0,4067.0,0,Spring,105.19,106.19,5395788.76
2024-05-20,579682.34,170806.65,70043.5,438399.04,289518.38,211689.12,41268.19,118845.56,0.0,1286.26,108712.0,1503.0,2567.0,4070.0,0,Spring,107.76,108.41,5185230.9
2024-05-27,736322.42,96454.59,89768.06,415470.93,367349.7,237703.54,45345.26,139871.97,0.0,1316.15,63677.0,1080.0,1849.0,2929.0,0,Spring,110.79,108.29,3828891.16
2024-06-03,896247.83,115361.32,91575.57,241135.03,107562.74,230523.91,39829.14,154807.42,0.0,1302.34,83019.0,1521.0,2668.0,4189.0,0,Spring,105.55,112.32,5549129.53
2024-06-10,642996.84,204933.73,60332.42,400002.25,307898.79,89618.83,41282.05,184002.08,0.0,1345.8,103205.0,1368.0,2552.0,3920.0,0,Spring,112.36,112.58,5421803.54
2024-06-17,468741.34,122826.76,72201.53,367679.17,370992.93,185454.33,40413.62,210379.19,0.0,1274.68,99338.0,1804.0,2528.0,4332.0,0,Spring,104.53,105.47,5426999.44
2024-06-24,494617.34,320988.6,100389.39,308966.45,356375.08,296853.24,51002.21,173370.1,76531.94,1274.96,133231.0,1513.0,3063.0,4576.0,1,Spring,103.44,113.85,5812117.54
2024-07-01,529242.74,140487.05,151284.54,332391.05,315385.61,83920.95,34933.96,117916.21,0.0,1321.71,119582.0,1401.0,2566.0,3967.0,0,Spring,108.77,107.07,5125351.76
2024-07-08,466736.95,156043.21,134431.23,355108.43,217490.55,165096.5,50102.63,167942.55,41751.6,1323.11,93565.0,1433.0,2601.0,4034.0,0,Spring,103.29,110.88,5341935.96
2024-07-15,332504.51,204237.56,82247.45,364520.53,259424.13,177493.49,34749.91,176263.81,0.0,1278.32,117295.0,1567.0,2686.0,4253.0,0,Spring,99.37,110.86,5594155.47
2024-07-22,876352.45,141450.75,82486.59,336783.24,145337.46,147952.5,33268.81,116056.51,0.0,1278.66,91125.0,1416.0,2763.0,4179.0,0,Spring,98.89,106.92,5241843.68
2024-07-29,821140.13,94242.17,64032.23,341472.66,90709.29,71691.19,39055.08,183390.97,0.0,1302.55,86904.0,1389.0,2416.0,3805.0,0,Spring,101.77,109.86,4992724.91
2024-08-05,699935.21,129152.13,46560.94,414787.84,331312.26,144532.6,37780.81,192547.46,0.0,1243.49,132893.0,1493.0,2740.0,4233.0,0,Spring,100.56,108.61,5227880.65
2024-08-12,336644.13,131049.74,85729.51,396440.77,188645.32,143555.92,28555.25,208511.57,25630.66,1253.49,112867.0,1309.0,2887.0,4196.0,0,Spring,92.34,109.86,5328689.55
2024-08-19,640866.91,77681.66,65814.63,135117.58,226096.41,151334.68,42054.43,234064.99,0.0,1286.64,116360.0,1457.0,2569.0,4026.0,0,Spring,93.51,109.13,5015536.15
2024-08-26,600192.93,120738.03,85333.92,295476.35,157930.43,131086.7,35346.51,89024.92,0.0,1325.64,83931.0,1213.0,2576.0,3789.0,0,Spring,93.04,110.96,5112960.16
2024-09-02,563867.48,101208.53,52074.79,304348.28,155836.02,136442.73,29803.22,136653.78,0.0,1289.12,91610.0,1176.0,2744.0,3920.0,0,Spring,89.26,108.6,5087445.73
2024-09-09,699730.23,165814.43,70057.71,204216.62,244701.81,155318.76,42095.72,136368.45,0.0,1303.8,97147.0,1395.0,2528.0,3923.0,0,Spring,91.84,107.98,5103254.42
2024-09-16,594239.36,130981.58,89634.89,320466.35,204779.8,178146.28,39097.91,130496.39,0.0,1329.12,97434.0,1396.0,2423.0,3819.0,0,Spring,92.15,110.36,5188911.96
2024-09-23,826434.84,160194.48,127380.58,531801.63,385003.71,193331.72,39183.13,136029.04,39129.06,1353.87,136749.0,1496.0,2581.0,4077.0,1,Spring,96.04,109.16,5483936.46
2024-09-30,804215.39,169779.27,129112.0,334294.78,393735.04,187311.11,61473.91,74839.04,105792.76,1306.04,91624.0,1472.0,2615.0,4087.0,1,Spring,97.04,109.29,5170999.14
2024-10-07,547102.19,139071.53,58210.84,339466.54,283615.69,163439.68,39715.7,142438.79,0.0,1323.57,109070.0,1028.0,2508.0,3536.0,0,Spring,,106.31,4725998.75
2024-10-14,184577.2,155238.14,105992.15,261600.14,279537.23,67851.24,36337.59,95790.64,0.0,1367.05,104039.0,1045.0,2390.0,3435.0,0,Spring,95.2,105.34,4659658.62
2024-10-21,508896.55,92304.24,70313.71,279547.73,380958.12,184581.48,45452.18,144250.8,0.0,1307.15,91840.0,1391.0,2012.0,3403.0,0,Spring,99.34,106.08,4707371.57
2024-10-28,401310.13,91361.06,102605.63,422457.84,187053.84,163023.32,37942.48,96090.83,0.0,1365.31,82089.0,1044.0,2279.0,3323.0,0,Spring,97.22,105.76,4539900.51
2024-11-04,277608.81,178537.27,89160.24,293923.12,265604.68,166812.69,37308.01,79746.74,0.0,1331.63,92053.0,1252.0,2235.0,3487.0,0,Spring,102.41,108.34,4672483.08
2024-11-11,807047.0,118712.24,59236.81,364552.06,359622.68,214941.91,34165.0,157604.2,0.0,1361.26,84318.0,1140.0,2324.0,3464.0,0,Spring,102.03,108.47,4793438.97
2024-11-18,1113154.15,106325.38,113541.32,285594.79,505634.03,94510.11,56390.08,208979.06,116538.49,1361.44,119016.0,1407.0,2508.0,3915.0,1,Spring,,105.96,5217528.37
2024-11-25,1035642.95,212059.5,136157.6,635078.7,227879.55,94361.98,56342.01,246114.45,32344.65,1353.98,109715.0,1363.0,2621.0,3984.0,1,Spring,102.34,108.88,5429319.14
2024-12-02,573382.24,159876.09,107915.68,389628.56,259614.57,188139.95,39600.41,281434.72,0.0,1359.98,126256.0,1503.0,2442.0,3945.0,0,Winter,110.7,108.49,5384137.69
2024-12-09,785227.61,76889.93,91446.98,340004.51,398518.09,176065.68,35348.71,169283.65,0.0,1391.24,106186.0,1362.0,2374.0,3736.0,0,Winter,106.76,105.98,5236559.38
2024-12-16,732349.0,207861.04,179296.63,539238.63,451938.32,254131.33,56022.65,249333.54,85453.34,1411.17,118490.0,1477.0,2752.0,4229.0,1,Winter,112.7,103.58,6206417.92
2024-12-23,791340.37,240519.95,164445.4,352466.98,423584.51,211411.11,55197.39,120605.36,91257.91,1393.62,123932.0,1349.0,2800.0,4149.0,1,Winter,106.46,108.1,5916486.29
2024-12-30,462057.63,222027.77,124533.97,616044.54,382783.83,298755.48,45290.97,104392.83,103196.44,1401.89,120144.0,1539.0,2750.0,4289.0,1,Winter,108.74,104.56,5899886.28
2025-01-06,639544.38,178129.09,118546.69,350181.9,273440.74,239605.65,33156.58,264064.45,0.0,1415.45,120619.0,1229.0,2563.0,3792.0,0,Winter,114.56,104.66,5604250.28
2025-01-13,580409.87,87717.91,149899.95,364241.81,335770.42,217438.4,46810.48,103406.39,0.0,1387.35,95525.0,1513.0,2616.0,4129.0,0,Winter,103.41,103.46,5817705.49
2025-01-20,312840.12,168560.57,152322.94,347026.74,292642.97,177377.98,26666.21,96795.43,0.0,1423.5,131111.0,1732.0,2327.0,4059.0,0,Winter,99.8,102.09,5825031.48
2025-01-27,570821.62,140924.98,71608.38,344512.34,315106.65,71659.22,45657.61,165680.58,0.0,1426.16,136413.0,1766.0,2723.0,4489.0,0,Winter,108.02,100.67,6185928.85
2025-02-03,570648.09,133868.2,80187.35,449195.32,329792.36,242707.85,41604.13,164164.75,82221.83,1462.04,127421.0,1519.0,2519.0,4038.0,0,Winter,100.17,104.61,5814574.11
2025-02-10,964939.88,199196.34,144386.91,419090.23,264265.07,272405.23,54195.65,110009.43,0.0,1401.77,118291.0,1537.0,2885.0,4422.0,0,Winter,100.96,101.52,6268075.64
2025-02-17,783809.1,229839.37,78049.95,455060.35,378464.05,240215.17,42361.86,152635.99,0.0,1398.58,144934.0,1354.0,3249.0,4603.0,0,Winter,97.59,108.96,6273665.69
2025-02-24,603397.65,246535.93,71516.73,405337.78,603315.62,149448.91,50706.79,261564.44,0.0,1420.74,102488.0,1299.0,2748.0,4047.0,0,Winter,98.51,100.42,5836056.58
2025-03-03,656919.76,224709.74,94373.02,451037.08,168157.32,245868.54,43715.71,119689.07,0.0,1418.55,137014.0,1787.0,2754.0,4541.0,0,Spring,93.31,99.85,6314553.48
2025-03-10,616250.3,156501.75,119220.3,377076.91,367273.68,258899.26,47565.29,78644.79,60171.39,1387.51,103482.0,1470.0,3080.0,4550.0,0,Spring,94.25,103.16,6489413.14
2025-03-17,565412.26,179477.67,105432.36,597941.73,266325.18,303457.35,52185.82,245897.07,0.0,1385.5,112078.0,1505.0,2954.0,4459.0,0,Spring,94.99,104.99,6047897.17
2025-03-24,378662.3,199961.15,90749.55,284839.05,394409.22,152949.95,43883.53,214476.17,0.0,1399.09,113214.0,1535.0,2786.0,4321.0,0,Spring,89.75,101.85,6094422.08
2025-03-31,577543.75,168519.85,90133.54,520729.16,344680.95,193801.93,54320.34,135002.4,72627.3,1365.87,105791.0,1352.0,2820.0,4172.0,0,Spring,90.12,102.68,5818308.07
2025-04-07,450075.06,168810.55,89007.02,530058.48,413163.54,254749.25,40245.38,65981.42,0.0,1367.89,110708.0,1294.0,2897.0,4191.0,0,Spring,90.96,97.67,5758048.28
2025-04-14,341772.26,202105.72,84282.98,345094.69,452384.08,211578.89,49360.84,126129.71,0.0,1371.19,141587.0,1570.0,2966.0,4536.0,0,Spring,87.85,99.84,6185933.22
2025-04-21,713866.75,158600.81,169051.89,600412.7,358067.86,138034.41,53719.99,175395.11,0.0,1382.33,104490.0,1374.0,2828.0,4202.0,0,Spring,91.35,98.9,5867280.75
2025-04-28,685126.69,125536.8,115097.75,496467.05,446131.58,232766.64,51707.43,262150.24,29947.17,1343.15,133636.0,1465.0,2860.0,4325.0,0,Spring,93.78,97.12,5744884.16
2025-05-05,224420.62,139874.18,130098.61,492416.52,115916.19,241955.21,60325.2,104225.68,0.0,1311.15,96820.0,1474.0,2986.0,4460.0,0,Spring,93.31,101.03,5916641.05
2025-05-12,569257.9,188776.79,92812.92,412491.9,485069.62,210508.77,41274.93,171140.43,0.0,1302.45,136749.0,1652.0,2799.0,4451.0,0,Spring,95.02,96.2,5725937.75
2025-05-19,795661.5,157484.35,100018.87,389954.68,368572.77,217260.5,36742.16,223577.83,0.0,1308.52,135379.0,1551.0,2846.0,4397.0,0,Spring,97.29,97.96,5703346.31
2025-05-26,801602.91,171863.26,85418.49,387845.69,431154.25,186691.1,39139.03,8301.78,79643.26,1300.6,119444.0,1532.0,3039.0,4571.0,0,Spring,97.01,99.46,5952700.4
2025-06-02,787122.53,185493.85,34706.48,433020.8,216376.38,289887.26,50163.58,245159.33,35966.11,1317.27,122606.0,1554.0,2588.0,4142.0,0,Spring,102.72,98.82,5504266.17
2025-06-09,581053.07,135675.41,66801.99,509888.25,250061.8,145329.52,48638.98,90638.43,0.0,1290.51,137615.0,1481.0,2804.0,4285.0,0,Spring,106.6,101.24,5512675.26
2025-06-16,399377.32,185538.99,55182.99,409058.38,336169.76,162595.73,45545.3,193094.03,35980.83,1294.68,137821.0,1557.0,2924.0,4481.0,0,Spring,102.44,101.05,5738496.72
2025-06-23,469973.9,224857.17,58897.57,431759.69,429947.2,264875.05,49894.33,250502.23,23482.41,1288.31,131437.0,1888.0,3143.0,5031.0,1,Spring,106.67,102.23,6224803.18
2025-06-30,621488.84,93106.78,69131.02,451356.55,342146.52,244819.38,49095.36,239903.46,0.0,1290.7,127993.0,1799.0,2903.0,4702.0,0,Spring,105.64,101.96,5957431.06
2025-07-07,621222.98,209524.88,129791.93,454582.52,409441.82,105713.67,35607.44,202287.47,0.0,1322.42,131695.0,1517.0,2734.0,4251.0,0,Spring,108.33,102.78,5513901.36
2025-07-14,786827.03,122917.95,95360.32,430174.17,157392.33,115425.79,50738.19,8062.08,0.0,1306.46,111908.0,1595.0,3024.0,4619.0,0,Spring,112.48,100.55,5683965.03
2025-07-21,743342.94,72058.5,126200.51,433280.09,392623.6,73278.2,61213.01,111709.97,0.0,1291.62,130778.0,1355.0,2866.0,4221.0,0,Spring,109.52,101.24,5396318.76
2025-07-28,506775.24,97273.71,104171.12,353730.56,306706.11,188832.06,44835.62,170426.12,0.0,1281.01,115726.0,1523.0,3142.0,4665.0,0,Spring,102.54,101.75,5918389.97
2025-08-04,297210.99,97389.33,111906.99,302263.9,286410.15,123345.81,45876.17,147805.18,0.0,1281.37,123493.0,1548.0,2569.0,4117.0,0,Spring,108.75,101.12,5202254.55
2025-08-11,463807.85,141411.88,71916.03,304802.74,177476.49,163148.47,38815.98,189704.54,0.0,1297.27,88471.0,1552.0,2646.0,4198.0,0,Spring,110.28,100.17,5557487.27
2025-08-18,557787.01,126876.63,104226.71,246875.07,342453.58,219835.91,30370.35,208446.76,0.0,1303.94,81741.0,1471.0,2476.0,3947.0,0,Spring,104.83,100.45,5192972.06
2025-08-25,478850.26,123527.0,108297.38,382688.39,96872.07,147526.32,37766.0,196174.26,70529.3,1276.49,137920.0,1619.0,2782.0,4401.0,0,Spring,107.15,99.64,5675629.95
2025-09-01,409193.14,162214.34,78043.67,358294.03,352250.05,194828.7,34618.38,143857.97,0.0,1298.56,130959.0,1507.0,2709.0,4216.0,0,Spring,100.58,102.29,5404786.48
2025-09-08,556613.99,150264.85,103624.0,331893.5,173353.45,165618.53,32378.28,41088.24,0.0,1261.15,121090.0,1444.0,2535.0,3979.0,0,Spring,96.57,101.46,5035699.44
2025-09-15,420508.04,149059.4,103614.71,148841.16,302296.72,218712.44,52053.67,128553.29,63438.17,1310.68,114894.0,1434.0,2395.0,3829.0,0,Spring,99.78,100.53,5004435.97
2025-09-22,537775.08,206412.59,105706.21,369538.87,389403.29,281273.7,58240.74,248022.78,115580.24,1326.98,115146.0,1707.0,2714.0,4421.0,1,Spring,92.44,100.75,5741364.66
2025-09-29,765716.99,218153.41,88292.89,604859.49,536646.36,195766.69,59345.32,120297.24,93910.89,1311.98,115322.0,1588.0,2940.0,4528.0,1,Spring,95.45,99.89,5839812.63
2025-10-06,440927.23,50301.57,64217.17,318974.75,285931.79,174630.87,39866.17,198967.35,0.0,1360.23,83539.0,1481.0,2229.0,3710.0,0,Spring,98.65,104.52,5063013.59
2025-10-13,559656.4,122462.15,93645.44,397042.73,244110.25,243147.58,40992.25,218024.42,62951.64,1312.98,105027.0,1439.0,2484.0,3923.0,0,Spring,87.91,102.98,5220132.2
2025-10-20,568480.94,47865.34,99783.97,269516.76,262146.89,208712.25,48566.13,169406.49,0.0,1341.94,90309.0,1492.0,2464.0,3956.0,0,Spring,88.93,101.37,5190764.0
2025-10-27,314347.52,140939.54,74536.98,485392.62,418316.03,109482.45,42625.57,0.0,0.0,1344.04,127062.0,1339.0,2537.0,3876.0,0,Spring,89.12,105.0,5130556.39
2025-11-03,438698.19,140486.31,94411.24,370038.04,358549.77,227976.55,46743.59,80415.71,0.0,1350.0,73930.0,1202.0,2294.0,3496.0,0,Spring,91.81,102.56,4875736.29
2025-11-10,801030.81,186671.37,108245.75,407927.5,281397.46,130053.24,42525.69,292107.21,56012.42,1356.93,85029.0,1264.0,2480.0,3744.0,0,Spring,91.04,101.16,5112711.54
2025-11-17,431497.81,263054.67,149284.24,772454.68,402800.99,375313.42,56836.18,177891.45,90170.88,1368.44,106745.0,1620.0,2648.0,4268.0,1,Spring,96.81,106.33,5820878.82
2025-11-24,190725.07,208179.06,181584.61,696502.54,245381.81,349304.51,47913.31,47618.13,99616.44,1390.09,104855.0,1876.0,2478.0,4354.0,1,Spring,96.28,103.53,5959886.9
2025-12-01,192246.59,125074.82,129431.68,376890.39,364239.21,218212.76,32090.43,259044.64,0.0,1407.19,98532.0,1429.0,2679.0,4108.0,0,Winter,95.99,104.11,5677180.12
2025-12-08,564627.72,170742.62,74492.33,359057.01,169077.3,213304.1,44478.17,176858.9,0.0,1385.67,115368.0,1477.0,2621.0,4098.0,0,Winter,96.27,105.33,5646351.49
2025-12-15,772647.97,171551.53,193084.46,521814.11,552803.18,261576.65,63964.22,347547.25,71627.45,1407.57,114657.0,1569.0,2886.0,4455.0,1,Winter,98.53,107.86,6197520.33
2025-12-22,742468.47,206405.3,119387.35,624236.87,480165.9,340888.68,51952.93,271710.35,79507.55,1382.18,139618.0,1650.0,3053.0,4703.0,1,Winter,96.39,105.95,6492321.1
